Fecha;Estacion_seleccionada;PromedioDiario_MP10;ICAP_MP10;ICAP_mod_MP10;PromedioDiario_MP2_5;ICAP_MP2_5;ICAP_mod_MP2_5;condicion_final;condicion_mod
2025-07-26;Arica;;;;12.83;25.65;85.51;Bueno;Bueno
2025-07-27;Arica;;;;12.96;25.92;86.39;Bueno;Bueno
2025-07-28;Arica;;;;13.09;26.17;87.25;Bueno;Bueno
2025-07-29;Arica;;;;16.30;32.61;102.82;Bueno;Regular
2025-07-30;Arica;;;;9.88;19.75;65.83;Bueno;Bueno
2025-07-31;Arica;;;;11.25;22.50;75.00;Bueno;Bueno
2025-08-01;Arica;;;;8.83;17.67;58.89;Bueno;Bueno
2025-08-02;;;;;;;;;
2025-08-03;Arica;;;;9.29;18.58;61.94;Bueno;Bueno
2025-08-04;Arica;;;;8.62;17.25;57.50;Bueno;Bueno
2025-08-05;Arica;;;;8.50;17.00;56.67;Bueno;Bueno
2025-08-06;Arica;;;;9.83;19.67;65.56;Bueno;Bueno
2025-08-07;Arica;;;;5.83;11.67;38.89;Bueno;Bueno
2025-08-08;Arica;;;;6.48;12.96;43.19;Bueno;Bueno
2025-08-09;Arica;;;;7.04;14.08;46.94;Bueno;Bueno
2025-08-10;Arica;;;;8.17;16.33;54.44;Bueno;Bueno
2025-08-11;Arica;;;;10.38;20.75;69.17;Bueno;Bueno
2025-08-12;Arica;;;;11.17;22.33;74.44;Bueno;Bueno
2025-08-13;Arica;;;;12.12;24.25;80.83;Bueno;Bueno
2025-08-14;Arica;;;;17.58;35.17;105.58;Bueno;Regular
2025-08-15;Arica;;;;7.92;15.83;52.78;Bueno;Bueno
2025-08-16;Arica;;;;5.91;11.83;39.42;Bueno;Bueno
2025-08-17;Arica;;;;6.46;12.92;43.06;Bueno;Bueno
2025-08-18;Arica;;;;5.54;11.08;36.94;Bueno;Bueno
2025-08-19;Arica;;;;7.38;14.75;49.17;Bueno;Bueno
2025-08-20;Arica;;;;9.00;18.00;60.00;Bueno;Bueno
2025-08-21;Arica;;;;9.42;18.83;62.78;Bueno;Bueno
2025-08-22;Arica;;;;8.83;17.67;58.89;Bueno;Bueno
2025-08-23;Arica;;;;10.00;20.00;66.67;Bueno;Bueno
2025-08-24;Arica;;;;16.08;32.17;102.34;Bueno;Regular
2025-08-25;Arica;;;;9.88;19.75;65.83;Bueno;Bueno
2025-08-26;Arica;;;;11.50;23.00;76.67;Bueno;Bueno
2025-08-27;Arica;;;;11.50;23.00;76.67;Bueno;Bueno
2025-08-28;Arica;;;;10.54;21.08;70.28;Bueno;Bueno
2025-08-29;Arica;;;;7.83;15.67;52.22;Bueno;Bueno
2025-08-30;Arica;;;;10.75;21.50;71.67;Bueno;Bueno
2025-08-31;Arica;;;;9.25;18.50;61.67;Bueno;Bueno
2025-09-01;Arica;;;;12.54;25.08;83.61;Bueno;Bueno
2025-09-02;Arica;;;;9.88;19.75;65.83;Bueno;Bueno
2025-09-03;Arica;;;;10.71;21.42;71.39;Bueno;Bueno
2025-09-04;Arica;;;;10.29;20.58;68.61;Bueno;Bueno
2025-09-05;Arica;;;;11.71;23.42;78.06;Bueno;Bueno
2025-09-06;Arica;;;;12.08;24.17;80.56;Bueno;Bueno
2025-09-07;Arica;;;;9.75;19.50;65.00;Bueno;Bueno
2025-09-08;Arica;;;;9.21;18.42;61.39;Bueno;Bueno
2025-09-09;Arica;;;;10.92;21.83;72.78;Bueno;Bueno
2025-09-10;Arica;;;;9.04;18.08;60.28;Bueno;Bueno
2025-09-11;Arica;;;;8.00;16.00;53.33;Bueno;Bueno
2025-09-12;Arica;;;;8.00;16.00;53.33;Bueno;Bueno
2025-09-13;Arica;;;;9.25;18.50;61.67;Bueno;Bueno
2025-09-14;Arica;;;;9.88;19.75;65.83;Bueno;Bueno
2025-09-15;;;;;;;;;
2025-09-16;Arica;;;;8.87;17.74;59.13;Bueno;Bueno
2025-09-17;Arica;;;;9.77;19.55;65.15;Bueno;Bueno
2025-09-18;Arica;;;;10.33;20.67;68.89;Bueno;Bueno
2025-09-19;Arica;;;;10.12;20.25;67.50;Bueno;Bueno
2025-09-20;Arica;;;;9.42;18.83;62.78;Bueno;Bueno
2025-09-21;Arica;;;;9.71;19.42;64.72;Bueno;Bueno
2025-09-22;Arica;;;;10.21;20.42;68.06;Bueno;Bueno
2025-09-23;Arica;;;;8.74;17.48;58.26;Bueno;Bueno
2025-09-24;Arica;;;;10.23;20.45;68.18;Bueno;Bueno
2025-09-25;Arica;;;;11.43;22.86;76.19;Bueno;Bueno
2025-09-26;Arica;;;;12.82;25.64;85.45;Bueno;Bueno
2025-09-27;Arica;;;;14.52;29.04;96.81;Bueno;Bueno
2025-09-28;Arica;;;;16.70;33.40;103.67;Bueno;Regular
2025-09-29;Arica;;;;12.43;24.87;82.90;Bueno;Bueno
2025-09-30;Arica;;;;13.25;26.50;88.33;Bueno;Bueno
2025-10-01;Arica;;;;11.92;23.83;79.44;Bueno;Bueno
2025-10-02;Arica;;;;16.29;32.58;102.79;Bueno;Regular
2025-10-03;Arica;;;;13.83;27.67;92.22;Bueno;Bueno
2025-10-04;Arica;;;;11.54;23.08;76.94;Bueno;Bueno
2025-10-05;Arica;;;;12.75;25.50;85.00;Bueno;Bueno
2025-10-06;Arica;;;;13.09;26.17;87.25;Bueno;Bueno
2025-10-07;Arica;;;;10.42;20.83;69.44;Bueno;Bueno
2025-10-08;Arica;;;;10.08;20.17;67.22;Bueno;Bueno
2025-10-09;Arica;;;;9.29;18.58;61.94;Bueno;Bueno
2025-10-10;Arica;;;;15.20;30.40;100.43;Bueno;Regular
2025-10-11;;;;;;;;;
2025-10-12;Arica;;;;14.17;28.33;94.44;Bueno;Bueno
2025-10-13;Arica;;;;17.88;35.75;106.21;Bueno;Regular
2025-10-14;Arica;;;;17.21;34.42;104.77;Bueno;Regular
2025-10-15;Arica;;;;12.38;24.75;82.50;Bueno;Bueno
2025-10-16;Arica;;;;9.17;18.35;61.16;Bueno;Bueno
2025-10-17;Arica;;;;13.58;27.17;90.56;Bueno;Bueno
2025-10-18;Arica;;;;10.92;21.83;72.78;Bueno;Bueno
2025-10-19;Arica;;;;14.21;28.42;94.72;Bueno;Bueno
2025-10-20;Arica;;;;10.17;20.35;67.83;Bueno;Bueno
2025-10-21;Arica;;;;10.30;20.61;68.70;Bueno;Bueno
2025-10-22;Arica;;;;13.29;26.58;88.61;Bueno;Bueno
2025-10-23;Arica;;;;13.88;27.75;92.50;Bueno;Bueno
2025-10-24;Arica;;;;14.00;28.00;93.33;Bueno;Bueno
2025-10-25;Arica;;;;11.29;22.58;75.28;Bueno;Bueno
2025-10-26;Arica;;;;13.79;27.58;91.94;Bueno;Bueno
2025-10-27;Arica;;;;11.21;22.42;74.72;Bueno;Bueno
2025-10-28;Arica;;;;12.62;25.25;84.17;Bueno;Bueno
2025-10-29;Arica;;;;10.62;21.25;70.83;Bueno;Bueno
2025-10-30;Arica;;;;14.88;29.75;99.17;Bueno;Bueno
2025-10-31;Arica;;;;16.96;33.92;104.23;Bueno;Regular
2025-11-01;Arica;;;;14.42;28.83;96.11;Bueno;Bueno
2025-11-02;Arica;;;;12.75;25.50;85.00;Bueno;Bueno
2025-11-03;Arica;;;;14.33;28.67;95.56;Bueno;Bueno
2025-11-04;Arica;;;;16.35;32.70;102.91;Bueno;Regular
2025-11-05;Arica;;;;15.83;31.67;101.80;Bueno;Regular
2025-11-06;Arica;;;;15.05;30.10;100.10;Bueno;Regular
2025-11-07;Arica;;;;14.86;29.73;99.09;Bueno;Bueno
2025-11-08;Arica;;;;13.32;26.64;88.79;Bueno;Bueno
2025-11-09;Arica;;;;13.12;26.25;87.50;Bueno;Bueno
2025-11-10;Arica;;;;14.00;28.00;93.33;Bueno;Bueno
2025-11-11;Arica;;;;15.92;31.83;101.98;Bueno;Regular
2025-11-12;Arica;;;;11.62;23.25;77.50;Bueno;Bueno
2025-11-13;Arica;;;;14.25;28.50;95.00;Bueno;Bueno
2025-11-14;Arica;;;;13.83;27.67;92.22;Bueno;Bueno
2025-11-15;Arica;;;;13.25;26.50;88.33;Bueno;Bueno
2025-11-16;Arica;;;;13.96;27.92;93.06;Bueno;Bueno
2025-11-17;Arica;;;;12.12;24.25;80.83;Bueno;Bueno
2025-11-18;Arica;;;;14.21;28.42;94.72;Bueno;Bueno
2025-11-19;Arica;;;;27.74;55.48;127.63;Bueno;Regular
2025-11-20;Arica;;;;21.22;42.43;113.45;Bueno;Regular
2025-11-21;Arica;;;;11.26;22.52;75.07;Bueno;Bueno
2025-11-22;Arica;;;;10.75;21.50;71.67;Bueno;Bueno
2025-11-23;;;;;;;;;
2025-11-24;;;;;;;;;
2025-11-25;Arica;;;;16.26;32.52;102.72;Bueno;Regular
2025-11-26;Arica;;;;14.08;28.17;93.89;Bueno;Bueno
2025-11-27;Arica;;;;13.46;26.92;89.72;Bueno;Bueno
2025-11-28;Arica;;;;18.29;36.58;107.12;Bueno;Regular
2025-11-29;Arica;;;;11.88;23.75;79.17;Bueno;Bueno
2025-11-30;Arica;;;;16.04;32.08;102.25;Bueno;Regular
2025-12-01;Arica;;;;17.42;34.83;105.22;Bueno;Regular
2025-12-02;Arica;;;;19.73;39.45;110.22;Bueno;Regular
2025-12-03;Arica;;;;11.29;22.58;75.28;Bueno;Bueno
2025-12-04;Arica;;;;16.10;32.19;102.37;Bueno;Regular
2025-12-05;Arica;;;;13.13;26.26;87.54;Bueno;Bueno
2025-12-06;Arica;;;;10.50;21.00;70.00;Bueno;Bueno
2025-12-07;Arica;;;;11.33;22.67;75.56;Bueno;Bueno
2025-12-08;Arica;;;;10.75;21.50;71.67;Bueno;Bueno
2025-12-09;Arica;;;;10.04;20.08;66.94;Bueno;Bueno
2025-12-10;Arica;;;;12.24;24.48;81.59;Bueno;Bueno
2025-12-11;Arica;;;;14.96;29.92;99.72;Bueno;Bueno
2025-12-12;Arica;;;;15.41;30.82;100.88;Bueno;Regular
2025-12-13;Arica;;;;8.83;17.67;58.89;Bueno;Bueno
2025-12-14;Arica;;;;17.50;35.00;105.40;Bueno;Regular
2025-12-15;;;;;;;;;
2025-12-16;;;;;;;;;
2025-12-17;;;;;;;;;
2025-12-18;;;;;;;;;
2025-12-19;Arica;;;;15.71;31.42;101.53;Bueno;Regular
2025-12-20;Arica;;;;28.00;56.00;128.19;Bueno;Regular
2025-12-21;Arica;;;;15.26;30.52;100.56;Bueno;Regular
2025-12-22;Arica;;;;18.08;36.17;106.67;Bueno;Regular
2025-12-23;Arica;;;;16.78;33.57;103.85;Bueno;Regular
2025-12-24;Arica;;;;34.67;69.33;142.74;Bueno;Regular
2025-12-25;Arica;;;;27.95;55.90;128.09;Bueno;Regular
2025-12-26;Arica;;;;20.42;40.83;111.72;Bueno;Regular
2025-12-27;Arica;;;;16.75;33.50;103.78;Bueno;Regular
2025-12-28;Arica;;;;16.25;32.50;102.70;Bueno;Regular
2025-12-29;;;;;;;;;
2025-12-30;;;;;;;;;
2025-12-31;Arica;;;;17.88;35.75;106.21;Bueno;Regular
2026-01-01;Arica;;;;30.25;60.50;133.10;Bueno;Regular
2026-01-02;Arica;;;;22.86;45.73;117.03;Bueno;Regular
2026-01-03;Arica;;;;19.96;39.92;110.73;Bueno;Regular
2026-01-04;Arica;;;;13.88;27.75;92.50;Bueno;Bueno
2026-01-05;Arica;;;;16.95;33.90;104.22;Bueno;Regular
2026-01-06;Arica;;;;21.32;42.64;113.67;Bueno;Regular
2026-01-07;Arica;;;;18.00;36.00;106.49;Bueno;Regular
2026-01-08;Arica;;;;21.85;43.70;114.83;Bueno;Regular
2026-01-09;Arica;;;;27.96;55.91;128.10;Bueno;Regular
2026-01-10;Arica;;;;19.95;39.90;110.71;Bueno;Regular
2026-01-11;Arica;;;;16.18;32.36;102.55;Bueno;Regular
2026-01-12;Arica;;;;16.50;33.00;103.24;Bueno;Regular
2026-01-13;Arica;;;;13.35;26.70;89.00;Bueno;Bueno
2026-01-14;Arica;;;;16.81;33.62;103.91;Bueno;Regular
2026-01-15;Arica;;;;15.90;31.81;101.95;Bueno;Regular
2026-01-16;;;;;;;;;
2026-01-17;;;;;;;;;
2026-01-18;Arica;;;;15.86;31.73;101.87;Bueno;Regular
2026-01-19;Arica;;;;17.45;34.91;105.31;Bueno;Regular
2026-01-20;Arica;;;;17.90;35.81;106.28;Bueno;Regular
2026-01-21;Arica;;;;18.38;36.76;107.31;Bueno;Regular
2026-01-22;Arica;;;;18.52;37.05;107.62;Bueno;Regular
2026-01-23;Arica;;;;19.00;38.00;108.65;Bueno;Regular
2026-01-24;Arica;;;;20.05;40.10;110.92;Bueno;Regular
2026-01-25;Arica;;;;20.05;40.10;110.92;Bueno;Regular
2026-01-26;Arica;;;;14.86;29.73;99.09;Bueno;Bueno
2026-01-27;Arica;;;;17.52;35.04;105.45;Bueno;Regular
2026-01-28;Arica;;;;13.00;26.00;86.67;Bueno;Bueno
2026-01-29;Arica;;;;16.33;32.67;102.88;Bueno;Regular
2026-01-30;Arica;;;;13.92;27.83;92.78;Bueno;Bueno
2026-01-31;Arica;;;;15.21;30.42;100.45;Bueno;Regular
2026-02-01;Arica;;;;18.14;36.27;106.78;Bueno;Regular
2026-02-02;Arica;;;;16.26;32.52;102.72;Bueno;Regular
2026-02-03;Arica;;;;18.00;36.00;106.49;Bueno;Regular
2026-02-04;;;;;;;;;
2026-02-05;Arica;;;;20.40;40.80;111.68;Bueno;Regular
2026-02-06;Arica;;;;4.83;9.67;32.22;Bueno;Bueno
2026-02-07;Arica;;;;10.71;21.42;71.39;Bueno;Bueno
2026-02-08;Arica;;;;10.50;21.00;70.00;Bueno;Bueno
2026-02-09;Arica;;;;11.79;23.58;78.61;Bueno;Bueno
2026-02-10;Arica;;;;11.62;23.25;77.50;Bueno;Bueno
2026-02-11;Arica;;;;9.29;18.58;61.94;Bueno;Bueno
2026-02-12;Arica;;;;7.46;14.92;49.72;Bueno;Bueno
2026-02-13;Arica;;;;7.42;14.83;49.44;Bueno;Bueno
2026-02-14;Arica;;;;10.88;21.75;72.50;Bueno;Bueno
2026-02-15;Arica;;;;8.29;16.58;55.28;Bueno;Bueno
2026-02-16;Arica;;;;8.79;17.58;58.61;Bueno;Bueno
2026-02-17;Arica;;;;11.25;22.50;75.00;Bueno;Bueno
2026-02-18;Arica;;;;10.50;21.00;70.00;Bueno;Bueno
2026-02-19;Arica;;;;10.04;20.08;66.94;Bueno;Bueno
2026-02-20;;;;;;;;;
2026-02-21;;;;;;;;;
2026-02-22;;;;;;;;;
2026-02-23;;;;;;;;;
2026-02-24;Arica;;;;12.45;24.91;83.03;Bueno;Bueno
2026-02-25;Arica;;;;10.78;21.57;71.88;Bueno;Bueno
2026-02-26;Arica;;;;11.08;22.17;73.89;Bueno;Bueno
2026-02-27;Arica;;;;11.64;23.27;77.58;Bueno;Bueno
2026-02-28;Arica;;;;7.41;14.82;49.39;Bueno;Bueno
2026-03-01;Arica;;;;17.45;34.91;105.31;Bueno;Regular
2026-03-02;Arica;;;;16.13;32.26;102.44;Bueno;Regular
2026-03-03;Arica;;;;14.85;29.70;99.00;Bueno;Bueno
2026-03-04;Arica;;;;10.73;21.45;71.52;Bueno;Bueno
2026-03-05;Arica;;;;13.26;26.52;88.41;Bueno;Bueno
2026-03-06;Arica;;;;11.21;22.42;74.72;Bueno;Bueno
2026-03-07;Arica;;;;15.08;30.17;100.18;Bueno;Regular
2026-03-08;Arica;;;;13.42;26.83;89.44;Bueno;Bueno
2026-03-09;Arica;;;;12.33;24.67;82.22;Bueno;Bueno
2026-03-10;Arica;;;;11.81;23.62;78.73;Bueno;Bueno
2026-03-11;Arica;;;;18.46;36.92;107.48;Bueno;Regular
2026-03-12;Arica;;;;13.20;26.40;88.00;Bueno;Bueno
2026-03-13;Arica;;;;17.89;35.79;106.26;Bueno;Regular
2026-03-14;Arica;;;;19.60;39.20;109.95;Bueno;Regular
2026-03-15;Arica;;;;16.55;33.09;103.34;Bueno;Regular
2026-03-16;Arica;;;;12.08;24.17;80.56;Bueno;Bueno
2026-03-17;Arica;;;;14.43;28.87;96.23;Bueno;Bueno
2026-03-18;Arica;;;;14.64;29.27;97.58;Bueno;Bueno
2026-03-19;Arica;;;;13.86;27.73;92.42;Bueno;Bueno
2026-03-20;Arica;;;;15.24;30.48;100.51;Bueno;Regular
2026-03-21;Arica;;;;13.86;27.73;92.42;Bueno;Bueno
2026-03-22;Arica;;;;17.90;35.81;106.28;Bueno;Regular
2026-03-23;Arica;;;;12.25;24.50;81.67;Bueno;Bueno
2026-03-24;Arica;;;;9.45;18.91;63.03;Bueno;Bueno
2026-03-25;Arica;;;;12.75;25.50;85.00;Bueno;Bueno
2026-03-26;Arica;;;;17.33;34.67;105.04;Bueno;Regular
2026-03-27;Arica;;;;13.74;27.48;91.59;Bueno;Bueno
2026-03-28;Arica;;;;16.54;33.08;103.33;Bueno;Regular
2026-03-29;Arica;;;;11.54;23.08;76.94;Bueno;Bueno
2026-03-30;Arica;;;;11.79;23.58;78.61;Bueno;Bueno
2026-03-31;Arica;;;;11.18;22.36;74.55;Bueno;Bueno
2026-04-01;Arica;;;;16.04;32.08;102.25;Bueno;Regular
2026-04-02;Arica;;;;12.09;24.17;80.58;Bueno;Bueno
2026-04-03;Arica;;;;15.82;31.64;101.77;Bueno;Regular
2026-04-04;Arica;;;;12.91;25.83;86.09;Bueno;Bueno
2026-04-05;Arica;;;;11.32;22.64;75.45;Bueno;Bueno
2026-04-06;Arica;;;;17.20;34.40;104.75;Bueno;Regular
2026-04-07;Arica;;;;15.67;31.33;101.44;Bueno;Regular
2026-04-08;Arica;;;;15.64;31.27;101.37;Bueno;Regular
2026-04-09;Arica;;;;16.14;32.29;102.47;Bueno;Regular
2026-04-10;Arica;;;;19.14;38.29;108.96;Bueno;Regular
2026-04-11;Arica;;;;16.67;33.33;103.60;Bueno;Regular
2026-04-12;Arica;;;;15.91;31.83;101.97;Bueno;Regular
2026-04-13;Arica;;;;10.29;20.57;68.57;Bueno;Bueno
2026-04-14;Arica;;;;12.43;24.86;82.86;Bueno;Bueno
2026-04-15;Arica;;;;14.73;29.45;98.18;Bueno;Bueno
2026-04-16;Arica;;;;14.36;28.73;95.76;Bueno;Bueno
2026-04-17;Arica;;;;12.46;24.92;83.06;Bueno;Bueno
2026-04-18;Arica;;;;15.25;30.50;100.54;Bueno;Regular
2026-04-19;Arica;;;;13.74;27.48;91.59;Bueno;Bueno
2026-04-20;Arica;;;;20.77;41.55;112.49;Bueno;Regular
2026-04-21;Arica;;;;17.73;35.45;105.90;Bueno;Regular
2026-04-22;Arica;;;;10.96;21.91;73.04;Bueno;Bueno
2026-04-23;Arica;;;;12.75;25.50;85.00;Bueno;Bueno
2026-04-24;Arica;;;;11.00;22.00;73.33;Bueno;Bueno
2026-04-25;Arica;;;;9.17;18.33;61.11;Bueno;Bueno
2026-04-26;Arica;;;;9.04;18.09;60.29;Bueno;Bueno
2026-04-27;Arica;;;;9.92;19.83;66.11;Bueno;Bueno
2026-04-28;Arica;;;;9.79;19.58;65.28;Bueno;Bueno
2026-04-29;Arica;;;;10.65;21.30;71.01;Bueno;Bueno
2026-04-30;Arica;;;;15.96;31.92;102.07;Bueno;Regular
2026-05-01;Arica;;;;14.52;29.04;96.81;Bueno;Bueno
2026-05-02;Arica;;;;13.43;26.87;89.57;Bueno;Bueno
2026-05-03;Arica;;;;7.74;15.48;51.59;Bueno;Bueno
2026-05-04;Arica;;;;10.57;21.13;70.43;Bueno;Bueno
2026-05-05;Arica;;;;19.21;38.42;109.10;Bueno;Regular
2026-05-06;Arica;;;;21.42;42.83;113.89;Bueno;Regular
2026-05-07;Arica;;;;10.79;21.58;71.94;Bueno;Bueno
2026-05-08;Arica;;;;12.42;24.83;82.78;Bueno;Bueno
2026-05-09;Arica;;;;14.04;28.08;93.61;Bueno;Bueno
2026-05-10;Arica;;;;10.22;20.43;68.12;Bueno;Bueno
2026-05-11;Arica;;;;7.18;14.36;47.88;Bueno;Bueno
2026-05-12;Arica;;;;10.79;21.58;71.94;Bueno;Bueno
2026-05-13;Arica;;;;9.42;18.83;62.78;Bueno;Bueno
2026-05-14;Arica;;;;8.38;16.75;55.83;Bueno;Bueno
2026-05-15;Arica;;;;10.38;20.75;69.17;Bueno;Bueno
2026-05-16;Arica;;;;8.22;16.43;54.78;Bueno;Bueno
2026-05-17;Arica;;;;8.33;16.67;55.56;Bueno;Bueno
2026-05-18;Arica;;;;9.38;18.75;62.50;Bueno;Bueno
2026-05-19;;;;;;;;;
2026-05-20;Arica;;;;8.89;17.79;59.30;Bueno;Bueno
2026-05-21;Arica;;;;10.79;21.58;71.94;Bueno;Bueno
2026-05-22;Arica;;;;9.36;18.73;62.42;Bueno;Bueno
2026-05-23;Arica;;;;10.42;20.83;69.44;Bueno;Bueno
2026-05-24;Arica;;;;11.83;23.65;78.84;Bueno;Bueno
2026-05-25;Arica;;;;12.79;25.58;85.28;Bueno;Bueno
2026-05-26;Arica;;;;13.57;27.13;90.43;Bueno;Bueno
2026-05-27;Arica;;;;9.38;18.75;62.50;Bueno;Bueno
2026-05-28;Arica;;;;13.25;26.50;88.33;Bueno;Bueno
2026-05-29;Arica;;;;8.23;16.45;54.85;Bueno;Bueno
2026-05-30;Arica;;;;11.42;22.83;76.11;Bueno;Bueno
2026-05-31;Arica;;;;11.25;22.50;75.00;Bueno;Bueno
2026-06-01;Arica;;;;10.62;21.25;70.83;Bueno;Bueno
2026-06-02;Arica;;;;11.29;22.58;75.28;Bueno;Bueno
2026-06-03;Arica;;;;11.92;23.83;79.44;Bueno;Bueno
2026-06-04;Arica;;;;9.88;19.75;65.83;Bueno;Bueno
2026-06-05;Arica;;;;7.65;15.30;51.01;Bueno;Bueno
2026-06-06;Arica;;;;8.36;16.73;55.76;Bueno;Bueno
2026-06-07;Arica;;;;6.71;13.42;44.72;Bueno;Bueno
2026-06-08;Arica;;;;9.09;18.18;60.61;Bueno;Bueno
2026-06-09;Arica;;;;11.65;23.30;77.68;Bueno;Bueno
2026-06-10;Arica;;;;7.91;15.83;52.75;Bueno;Bueno
2026-06-11;Arica;;;;10.38;20.75;69.17;Bueno;Bueno
2026-06-12;Arica;;;;11.96;23.91;79.71;Bueno;Bueno
2026-06-13;Arica;;;;11.00;22.00;73.33;Bueno;Bueno
2026-06-14;Arica;;;;9.79;19.58;65.28;Bueno;Bueno
2026-06-15;Arica;;;;10.96;21.92;73.06;Bueno;Bueno
2026-06-16;Arica;;;;13.33;26.67;88.89;Bueno;Bueno
2026-06-17;Arica;;;;12.38;24.75;82.50;Bueno;Bueno
2026-06-18;Arica;;;;10.75;21.50;71.67;Bueno;Bueno
2026-06-19;Arica;;;;9.00;18.00;60.00;Bueno;Bueno
2026-06-20;Arica;;;;8.17;16.33;54.44;Bueno;Bueno
2026-06-21;Arica;;;;6.50;13.00;43.33;Bueno;Bueno
2026-06-22;Arica;;;;8.70;17.39;57.97;Bueno;Bueno
2026-06-23;Arica;;;;9.50;19.00;63.33;Bueno;Bueno
2026-06-24;Arica;;;;8.17;16.35;54.49;Bueno;Bueno
2026-06-25;Arica;;;;11.92;23.83;79.44;Bueno;Bueno
2026-06-26;Arica;;;;10.62;21.25;70.83;Bueno;Bueno
2026-06-27;Arica;;;;8.27;16.55;55.15;Bueno;Bueno
2026-06-28;Arica;;;;11.83;23.67;78.89;Bueno;Bueno
2026-06-29;Arica;;;;9.58;19.17;63.89;Bueno;Bueno
2026-06-30;Arica;;;;9.58;19.17;63.89;Bueno;Bueno
2026-07-01;Arica;;;;7.22;14.43;48.12;Bueno;Bueno
2026-07-02;Arica;;;;10.62;21.25;70.83;Bueno;Bueno
2026-07-03;Arica;;;;13.00;26.00;86.67;Bueno;Bueno
2026-07-04;Arica;;;;13.12;26.25;87.50;Bueno;Bueno
2026-07-05;Arica;;;;13.21;26.42;88.06;Bueno;Bueno
2026-07-06;Arica;;;;12.17;24.33;81.11;Bueno;Bueno
2026-07-07;Arica;;;;12.09;24.18;80.61;Bueno;Bueno
2026-07-08;Arica;;;;8.58;17.17;57.22;Bueno;Bueno
2026-07-09;Arica;;;;12.17;24.33;81.11;Bueno;Bueno
2026-07-10;Arica;;;;10.00;20.00;66.67;Bueno;Bueno
2026-07-11;Arica;;;;8.71;17.42;58.06;Bueno;Bueno
2026-07-12;Arica;;;;8.48;16.96;56.52;Bueno;Bueno
2026-07-13;Arica;;;;9.83;19.65;65.51;Bueno;Bueno
2026-07-14;Arica;;;;11.25;22.50;75.00;Bueno;Bueno
2026-07-15;Arica;;;;8.83;17.67;58.89;Bueno;Bueno
2026-07-16;Arica;;;;11.62;23.25;77.50;Bueno;Bueno
2026-07-17;Arica;;;;13.08;26.17;87.22;Bueno;Bueno
2026-07-18;Arica;;;;14.59;29.18;97.27;Bueno;Bueno
2026-07-19;Arica;;;;8.43;16.86;56.19;Bueno;Bueno
2026-07-20;Arica;;;;10.41;20.82;69.39;Bueno;Bueno
2026-07-21;Arica;;;;10.83;21.65;72.17;Bueno;Bueno
2026-07-22;Arica;;;;7.82;15.64;52.12;Bueno;Bueno
2026-07-23;Arica;;;;10.39;20.78;69.28;Bueno;Bueno
2026-07-24;Arica;;;;10.04;20.09;66.96;Bueno;Bueno
2026-07-25;Arica;;;;11.00;22.00;73.33;Bueno;Bueno
2026-07-26;Arica;;;;16.00;32.00;102.16;Bueno;Regular
