Fecha;PromedioDiario_MP10;ICAP_MP10;Condicion_MP10;ICAP_mod_MP10;Condicion_mod_MP10;PromedioDiario_MP2_5;ICAP_MP2_5;Condicion_MP2_5;ICAP_mod_MP2_5;Condicion_mod_MP2_5;condicion_final;condicion_mod
2025-07-28;13.39;10.30;Bueno;29.76;Bueno;9.70;19.39;Bueno;64.64;Bueno;Bueno;Bueno
2025-07-29;39.54;30.42;Bueno;87.87;Bueno;24.46;48.92;Bueno;120.49;Regular;Bueno;Regular
2025-07-30;14.50;11.15;Bueno;32.22;Bueno;6.88;13.75;Bueno;45.83;Bueno;Bueno;Bueno
2025-07-31;3.71;2.85;Bueno;8.24;Bueno;1.62;3.25;Bueno;10.83;Bueno;Bueno;Bueno
2025-08-01;4.38;3.37;Bueno;9.72;Bueno;1.54;3.08;Bueno;10.28;Bueno;Bueno;Bueno
2025-08-02;15.08;11.60;Bueno;33.52;Bueno;4.42;8.83;Bueno;29.44;Bueno;Bueno;Bueno
2025-08-03;28.54;21.96;Bueno;63.43;Bueno;15.29;30.58;Bueno;100.63;Regular;Bueno;Regular
2025-08-04;42.46;32.66;Bueno;94.35;Bueno;23.58;47.17;Bueno;118.59;Regular;Bueno;Regular
2025-08-05;81.54;62.72;Bueno;160.26;Regular;54.04;113.47;Regular;185.39;Regular;Regular;Regular
2025-08-06;22.92;17.63;Bueno;50.93;Bueno;9.50;19.00;Bueno;63.33;Bueno;Bueno;Bueno
2025-08-07;18.96;14.58;Bueno;42.13;Bueno;8.21;16.42;Bueno;54.72;Bueno;Bueno;Bueno
2025-08-08;47.42;36.47;Bueno;103.96;Regular;29.42;58.83;Bueno;131.28;Regular;Bueno;Regular
2025-08-09;56.38;43.37;Bueno;118.66;Regular;33.75;67.50;Bueno;140.74;Regular;Bueno;Regular
2025-08-10;31.88;24.52;Bueno;70.83;Bueno;25.12;50.25;Bueno;121.94;Regular;Bueno;Regular
2025-08-11;33.17;25.51;Bueno;73.70;Bueno;15.00;30.00;Bueno;100.00;Bueno;Bueno;Bueno
2025-08-12;13.00;10.00;Bueno;28.89;Bueno;6.91;13.82;Bueno;46.06;Bueno;Bueno;Bueno
2025-08-13;27.21;20.93;Bueno;60.46;Bueno;14.33;28.67;Bueno;95.56;Bueno;Bueno;Bueno
2025-08-14;46.75;35.96;Bueno;102.87;Regular;23.62;47.25;Bueno;118.68;Regular;Bueno;Regular
2025-08-15;26.71;20.54;Bueno;59.35;Bueno;14.38;28.75;Bueno;95.83;Bueno;Bueno;Bueno
2025-08-16;21.00;16.15;Bueno;46.67;Bueno;14.29;28.58;Bueno;95.28;Bueno;Bueno;Bueno
2025-08-17;53.75;41.35;Bueno;114.35;Regular;38.50;77.00;Bueno;151.14;Regular;Bueno;Regular
2025-08-18;33.92;26.09;Bueno;75.37;Bueno;22.25;44.50;Bueno;115.69;Regular;Bueno;Regular
2025-08-19;23.12;17.79;Bueno;51.39;Bueno;15.38;30.75;Bueno;100.81;Regular;Bueno;Regular
2025-08-20;13.71;10.54;Bueno;30.46;Bueno;8.08;16.17;Bueno;53.89;Bueno;Bueno;Bueno
2025-08-21;14.21;10.93;Bueno;31.57;Bueno;10.00;20.00;Bueno;66.67;Bueno;Bueno;Bueno
2025-08-22;12.46;9.58;Bueno;27.69;Bueno;8.71;17.42;Bueno;58.06;Bueno;Bueno;Bueno
2025-08-23;20.79;15.99;Bueno;46.20;Bueno;15.17;30.33;Bueno;100.36;Regular;Bueno;Regular
2025-08-24;28.21;21.70;Bueno;62.69;Bueno;19.12;38.25;Bueno;108.92;Regular;Bueno;Regular
2025-08-25;17.08;13.14;Bueno;37.96;Bueno;7.70;15.39;Bueno;51.30;Bueno;Bueno;Bueno
2025-08-26;19.83;15.25;Bueno;44.06;Bueno;8.83;17.65;Bueno;58.84;Bueno;Bueno;Bueno
2025-08-27;49.79;38.30;Bueno;107.85;Regular;26.58;53.17;Bueno;125.11;Regular;Bueno;Regular
2025-08-28;37.54;28.88;Bueno;83.43;Bueno;23.33;46.67;Bueno;118.05;Regular;Bueno;Regular
2025-08-29;28.91;22.24;Bueno;64.25;Bueno;23.35;46.70;Bueno;118.08;Regular;Bueno;Regular
2025-08-30;32.88;25.29;Bueno;73.06;Bueno;21.25;42.50;Bueno;113.53;Regular;Bueno;Regular
2025-08-31;21.46;16.51;Bueno;47.69;Bueno;14.29;28.58;Bueno;95.28;Bueno;Bueno;Bueno
2025-09-01;18.62;14.33;Bueno;41.39;Bueno;10.08;20.17;Bueno;67.22;Bueno;Bueno;Bueno
2025-09-02;16.21;12.47;Bueno;36.02;Bueno;10.17;20.33;Bueno;67.78;Bueno;Bueno;Bueno
2025-09-03;26.42;20.32;Bueno;58.70;Bueno;14.67;29.33;Bueno;97.78;Bueno;Bueno;Bueno
2025-09-04;19.21;14.78;Bueno;42.69;Bueno;11.04;22.08;Bueno;73.61;Bueno;Bueno;Bueno
2025-09-05;49.33;37.95;Bueno;107.10;Regular;28.17;56.33;Bueno;128.56;Regular;Bueno;Regular
2025-09-06;44.21;34.01;Bueno;98.24;Bueno;30.29;60.58;Bueno;133.19;Regular;Bueno;Regular
2025-09-07;31.04;23.88;Bueno;68.98;Bueno;17.17;34.33;Bueno;104.68;Regular;Bueno;Regular
2025-09-08;14.42;11.09;Bueno;32.04;Bueno;6.96;13.92;Bueno;46.39;Bueno;Bueno;Bueno
2025-09-09;12.42;9.55;Bueno;27.59;Bueno;5.46;10.92;Bueno;36.39;Bueno;Bueno;Bueno
2025-09-10;22.46;17.28;Bueno;49.91;Bueno;9.46;18.92;Bueno;63.06;Bueno;Bueno;Bueno
2025-09-11;23.79;18.30;Bueno;52.87;Bueno;13.08;26.17;Bueno;87.22;Bueno;Bueno;Bueno
2025-09-12;46.62;35.87;Bueno;102.66;Regular;25.50;51.00;Bueno;122.75;Regular;Bueno;Regular
2025-09-13;19.25;14.81;Bueno;42.78;Bueno;14.04;28.08;Bueno;93.61;Bueno;Bueno;Bueno
2025-09-14;27.23;20.94;Bueno;60.51;Bueno;14.45;28.91;Bueno;96.36;Bueno;Bueno;Bueno
2025-09-15;45.96;35.35;Bueno;101.57;Regular;23.12;46.25;Bueno;117.59;Regular;Bueno;Regular
2025-09-16;22.88;17.60;Bueno;50.83;Bueno;9.21;18.42;Bueno;61.39;Bueno;Bueno;Bueno
2025-09-17;26.62;20.48;Bueno;59.17;Bueno;15.08;30.17;Bueno;100.18;Regular;Bueno;Regular
2025-09-18;13.38;10.29;Bueno;29.72;Bueno;9.12;18.25;Bueno;60.83;Bueno;Bueno;Bueno
2025-09-19;11.71;9.01;Bueno;26.02;Bueno;8.33;16.67;Bueno;55.56;Bueno;Bueno;Bueno
2025-09-20;8.00;6.15;Bueno;17.78;Bueno;5.79;11.58;Bueno;38.61;Bueno;Bueno;Bueno
2025-09-21;10.92;8.40;Bueno;24.26;Bueno;8.39;16.78;Bueno;55.94;Bueno;Bueno;Bueno
2025-09-22;24.67;18.97;Bueno;54.81;Bueno;14.50;29.00;Bueno;96.67;Bueno;Bueno;Bueno
2025-09-23;18.04;13.88;Bueno;40.09;Bueno;10.08;20.17;Bueno;67.22;Bueno;Bueno;Bueno
2025-09-24;33.79;25.99;Bueno;75.09;Bueno;12.75;25.50;Bueno;85.00;Bueno;Bueno;Bueno
2025-09-25;36.96;28.43;Bueno;82.13;Bueno;11.25;22.50;Bueno;75.00;Bueno;Bueno;Bueno
2025-09-26;12.17;9.36;Bueno;27.04;Bueno;5.29;10.58;Bueno;35.28;Bueno;Bueno;Bueno
2025-09-27;11.58;8.91;Bueno;25.74;Bueno;7.04;14.08;Bueno;46.94;Bueno;Bueno;Bueno
2025-09-28;18.88;14.52;Bueno;41.94;Bueno;10.96;21.92;Bueno;73.06;Bueno;Bueno;Bueno
2025-09-29;30.46;23.43;Bueno;67.69;Bueno;12.75;25.50;Bueno;85.00;Bueno;Bueno;Bueno
2025-09-30;25.83;19.87;Bueno;57.41;Bueno;8.67;17.33;Bueno;57.78;Bueno;Bueno;Bueno
2025-10-01;21.25;16.35;Bueno;47.22;Bueno;8.83;17.67;Bueno;58.89;Bueno;Bueno;Bueno
2025-10-02;32.12;24.71;Bueno;71.39;Bueno;11.08;22.17;Bueno;73.89;Bueno;Bueno;Bueno
2025-10-03;36.88;28.37;Bueno;81.94;Bueno;10.91;21.83;Bueno;72.75;Bueno;Bueno;Bueno
2025-10-04;10.71;8.24;Bueno;23.80;Bueno;6.04;12.08;Bueno;40.28;Bueno;Bueno;Bueno
2025-10-05;9.62;7.40;Bueno;21.39;Bueno;5.04;10.09;Bueno;33.62;Bueno;Bueno;Bueno
2025-10-06;16.71;12.85;Bueno;37.13;Bueno;8.75;17.50;Bueno;58.33;Bueno;Bueno;Bueno
2025-10-07;15.25;11.73;Bueno;33.89;Bueno;5.88;11.75;Bueno;39.17;Bueno;Bueno;Bueno
2025-10-08;16.83;12.95;Bueno;37.41;Bueno;5.50;11.00;Bueno;36.67;Bueno;Bueno;Bueno
2025-10-09;18.58;14.29;Bueno;41.30;Bueno;5.67;11.33;Bueno;37.78;Bueno;Bueno;Bueno
2025-10-10;43.33;33.33;Bueno;96.30;Bueno;9.14;18.29;Bueno;60.95;Bueno;Bueno;Bueno
2025-10-11;10.29;7.92;Bueno;22.87;Bueno;1.92;3.83;Bueno;12.78;Bueno;Bueno;Bueno
2025-10-12;11.54;8.88;Bueno;25.65;Bueno;2.75;5.50;Bueno;18.33;Bueno;Bueno;Bueno
2025-10-13;12.83;9.87;Bueno;28.52;Bueno;;;;;;Bueno;Bueno
2025-10-14;24.17;18.59;Bueno;53.70;Bueno;;;;;;Bueno;Bueno
2025-10-15;12.50;9.62;Bueno;27.78;Bueno;;;;;;Bueno;Bueno
2025-10-16;21.54;16.57;Bueno;47.87;Bueno;;;;;;Bueno;Bueno
2025-10-17;20.92;16.09;Bueno;46.48;Bueno;5.92;11.83;Bueno;39.44;Bueno;Bueno;Bueno
2025-10-18;29.92;23.01;Bueno;66.48;Bueno;6.30;12.61;Bueno;42.03;Bueno;Bueno;Bueno
2025-10-19;26.08;20.06;Bueno;57.96;Bueno;7.62;15.25;Bueno;50.83;Bueno;Bueno;Bueno
2025-10-20;31.08;23.91;Bueno;69.07;Bueno;7.33;14.67;Bueno;48.89;Bueno;Bueno;Bueno
2025-10-21;34.08;26.22;Bueno;75.74;Bueno;7.88;15.75;Bueno;52.50;Bueno;Bueno;Bueno
2025-10-22;25.71;19.78;Bueno;57.13;Bueno;5.33;10.67;Bueno;35.56;Bueno;Bueno;Bueno
2025-10-23;26.00;20.00;Bueno;57.78;Bueno;5.54;11.08;Bueno;36.94;Bueno;Bueno;Bueno
2025-10-24;22.58;17.37;Bueno;50.19;Bueno;4.17;8.33;Bueno;27.78;Bueno;Bueno;Bueno
2025-10-25;14.12;10.87;Bueno;31.39;Bueno;3.04;6.09;Bueno;20.29;Bueno;Bueno;Bueno
2025-10-26;14.21;10.93;Bueno;31.57;Bueno;2.83;5.67;Bueno;18.89;Bueno;Bueno;Bueno
2025-10-27;28.92;22.24;Bueno;64.26;Bueno;3.42;6.83;Bueno;22.78;Bueno;Bueno;Bueno
2025-10-28;90.04;69.26;Bueno;174.40;Regular;11.83;23.67;Bueno;78.89;Bueno;Bueno;Regular
2025-10-29;34.08;26.22;Bueno;75.74;Bueno;8.04;16.08;Bueno;53.61;Bueno;Bueno;Bueno
2025-10-30;27.42;21.09;Bueno;60.93;Bueno;5.79;11.58;Bueno;38.61;Bueno;Bueno;Bueno
2025-10-31;29.58;22.76;Bueno;65.74;Bueno;4.67;9.33;Bueno;31.11;Bueno;Bueno;Bueno
2025-11-01;13.50;10.38;Bueno;30.00;Bueno;2.67;5.33;Bueno;17.78;Bueno;Bueno;Bueno
2025-11-02;15.75;12.12;Bueno;35.00;Bueno;4.58;9.17;Bueno;30.56;Bueno;Bueno;Bueno
2025-11-03;33.17;25.51;Bueno;73.70;Bueno;7.58;15.17;Bueno;50.56;Bueno;Bueno;Bueno
2025-11-04;24.96;19.20;Bueno;55.46;Bueno;5.83;11.67;Bueno;38.89;Bueno;Bueno;Bueno
2025-11-05;37.29;28.69;Bueno;82.87;Bueno;8.12;16.25;Bueno;54.17;Bueno;Bueno;Bueno
2025-11-06;34.92;26.86;Bueno;77.59;Bueno;9.17;18.33;Bueno;61.11;Bueno;Bueno;Bueno
2025-11-07;18.67;14.36;Bueno;41.48;Bueno;7.79;15.58;Bueno;51.94;Bueno;Bueno;Bueno
2025-11-08;24.25;18.65;Bueno;53.89;Bueno;7.33;14.67;Bueno;48.89;Bueno;Bueno;Bueno
2025-11-09;21.67;16.67;Bueno;48.15;Bueno;8.65;17.30;Bueno;57.68;Bueno;Bueno;Bueno
2025-11-10;24.79;19.07;Bueno;55.09;Bueno;5.48;10.96;Bueno;36.52;Bueno;Bueno;Bueno
2025-11-11;15.00;11.54;Bueno;33.33;Bueno;3.04;6.09;Bueno;20.29;Bueno;Bueno;Bueno
2025-11-12;16.21;12.47;Bueno;36.02;Bueno;2.12;4.25;Bueno;14.17;Bueno;Bueno;Bueno
2025-11-13;34.42;26.47;Bueno;76.48;Bueno;3.79;7.58;Bueno;25.28;Bueno;Bueno;Bueno
2025-11-14;20.46;15.74;Bueno;45.46;Bueno;3.88;7.75;Bueno;25.83;Bueno;Bueno;Bueno
2025-11-15;13.83;10.64;Bueno;30.74;Bueno;2.71;5.42;Bueno;18.06;Bueno;Bueno;Bueno
2025-11-16;13.21;10.16;Bueno;29.35;Bueno;4.33;8.67;Bueno;28.89;Bueno;Bueno;Bueno
2025-11-17;22.67;17.44;Bueno;50.37;Bueno;2.79;5.58;Bueno;18.61;Bueno;Bueno;Bueno
2025-11-18;23.33;17.95;Bueno;51.85;Bueno;3.42;6.83;Bueno;22.78;Bueno;Bueno;Bueno
2025-11-19;34.25;26.35;Bueno;76.11;Bueno;4.67;9.33;Bueno;31.11;Bueno;Bueno;Bueno
2025-11-20;16.92;13.01;Bueno;37.59;Bueno;4.17;8.33;Bueno;27.78;Bueno;Bueno;Bueno
2025-11-21;23.75;18.27;Bueno;52.78;Bueno;4.25;8.50;Bueno;28.33;Bueno;Bueno;Bueno
2025-11-22;24.67;18.97;Bueno;54.81;Bueno;5.46;10.92;Bueno;36.39;Bueno;Bueno;Bueno
2025-11-23;20.50;15.77;Bueno;45.56;Bueno;5.18;10.36;Bueno;34.55;Bueno;Bueno;Bueno
2025-11-24;25.75;19.81;Bueno;57.22;Bueno;5.62;11.25;Bueno;37.50;Bueno;Bueno;Bueno
2025-11-25;37.08;28.53;Bueno;82.41;Bueno;9.62;19.25;Bueno;64.17;Bueno;Bueno;Bueno
2025-11-26;24.46;18.81;Bueno;54.35;Bueno;7.92;15.83;Bueno;52.78;Bueno;Bueno;Bueno
2025-11-27;25.79;19.84;Bueno;57.31;Bueno;5.75;11.50;Bueno;38.33;Bueno;Bueno;Bueno
2025-11-28;26.96;20.74;Bueno;59.91;Bueno;3.62;7.25;Bueno;24.17;Bueno;Bueno;Bueno
2025-11-29;46.58;35.83;Bueno;102.59;Regular;3.46;6.92;Bueno;23.06;Bueno;Bueno;Regular
2025-11-30;12.21;9.39;Bueno;27.13;Bueno;2.83;5.67;Bueno;18.89;Bueno;Bueno;Bueno
2025-12-01;19.79;15.22;Bueno;43.98;Bueno;3.42;6.84;Bueno;22.81;Bueno;Bueno;Bueno
2025-12-02;18.79;14.46;Bueno;41.76;Bueno;;;;;;Bueno;Bueno
2025-12-03;19.50;15.00;Bueno;43.33;Bueno;2.24;4.48;Bueno;14.92;Bueno;Bueno;Bueno
2025-12-04;24.50;18.85;Bueno;54.44;Bueno;;;;;;Bueno;Bueno
2025-12-05;50.33;38.72;Bueno;108.74;Regular;;;;;;Bueno;Regular
2025-12-06;25.42;19.55;Bueno;56.48;Bueno;6.17;12.35;Bueno;41.16;Bueno;Bueno;Bueno
2025-12-07;31.54;24.26;Bueno;70.09;Bueno;7.17;14.35;Bueno;47.83;Bueno;Bueno;Bueno
2025-12-08;32.71;25.16;Bueno;72.69;Bueno;8.75;17.50;Bueno;58.33;Bueno;Bueno;Bueno
2025-12-09;28.75;22.12;Bueno;63.89;Bueno;6.29;12.58;Bueno;41.94;Bueno;Bueno;Bueno
2025-12-10;29.50;22.69;Bueno;65.56;Bueno;6.54;13.08;Bueno;43.61;Bueno;Bueno;Bueno
2025-12-11;19.58;15.06;Bueno;43.52;Bueno;3.22;6.43;Bueno;21.45;Bueno;Bueno;Bueno
2025-12-12;31.46;24.20;Bueno;69.91;Bueno;3.11;6.21;Bueno;20.70;Bueno;Bueno;Bueno
2025-12-13;15.67;12.05;Bueno;34.81;Bueno;3.12;6.25;Bueno;20.83;Bueno;Bueno;Bueno
2025-12-14;11.21;8.62;Bueno;24.91;Bueno;1.67;3.33;Bueno;11.11;Bueno;Bueno;Bueno
2025-12-15;14.04;10.80;Bueno;31.20;Bueno;1.83;3.65;Bueno;12.17;Bueno;Bueno;Bueno
2025-12-16;45.58;35.06;Bueno;100.95;Regular;3.00;6.00;Bueno;20.00;Bueno;Bueno;Regular
2025-12-17;29.52;22.71;Bueno;65.60;Bueno;2.50;5.00;Bueno;16.67;Bueno;Bueno;Bueno
2025-12-18;19.33;14.87;Bueno;42.96;Bueno;2.21;4.42;Bueno;14.72;Bueno;Bueno;Bueno
2025-12-19;26.38;20.29;Bueno;58.61;Bueno;4.08;8.17;Bueno;27.22;Bueno;Bueno;Bueno
2025-12-20;14.92;11.47;Bueno;33.15;Bueno;2.00;4.00;Bueno;13.33;Bueno;Bueno;Bueno
2025-12-21;6.33;4.87;Bueno;14.07;Bueno;1.61;3.22;Bueno;10.72;Bueno;Bueno;Bueno
2025-12-22;12.67;9.74;Bueno;28.15;Bueno;2.17;4.33;Bueno;14.44;Bueno;Bueno;Bueno
2025-12-23;14.88;11.44;Bueno;33.06;Bueno;;;;;;Bueno;Bueno
2025-12-24;15.12;11.63;Bueno;33.61;Bueno;2.52;5.05;Bueno;16.83;Bueno;Bueno;Bueno
2025-12-25;13.71;10.54;Bueno;30.46;Bueno;1.16;2.32;Bueno;7.72;Bueno;Bueno;Bueno
2025-12-26;14.08;10.83;Bueno;31.30;Bueno;2.23;4.45;Bueno;14.85;Bueno;Bueno;Bueno
2025-12-27;13.58;10.45;Bueno;30.19;Bueno;2.08;4.17;Bueno;13.89;Bueno;Bueno;Bueno
2025-12-28;12.96;9.97;Bueno;28.80;Bueno;2.25;4.50;Bueno;15.00;Bueno;Bueno;Bueno
2025-12-29;18.67;14.36;Bueno;41.48;Bueno;1.75;3.50;Bueno;11.67;Bueno;Bueno;Bueno
2025-12-30;23.21;17.85;Bueno;51.57;Bueno;1.79;3.58;Bueno;11.94;Bueno;Bueno;Bueno
2025-12-31;16.92;13.01;Bueno;37.59;Bueno;2.79;5.58;Bueno;18.61;Bueno;Bueno;Bueno
2026-01-01;19.08;14.68;Bueno;42.41;Bueno;3.50;7.00;Bueno;23.33;Bueno;Bueno;Bueno
2026-01-02;25.33;19.49;Bueno;56.30;Bueno;6.58;13.17;Bueno;43.89;Bueno;Bueno;Bueno
2026-01-03;33.54;25.80;Bueno;74.54;Bueno;8.17;16.33;Bueno;54.44;Bueno;Bueno;Bueno
2026-01-04;24.04;18.49;Bueno;53.43;Bueno;7.50;15.00;Bueno;50.00;Bueno;Bueno;Bueno
2026-01-05;24.46;18.81;Bueno;54.35;Bueno;6.29;12.58;Bueno;41.94;Bueno;Bueno;Bueno
2026-01-06;18.83;14.49;Bueno;41.85;Bueno;4.70;9.39;Bueno;31.30;Bueno;Bueno;Bueno
2026-01-07;29.33;22.56;Bueno;65.19;Bueno;5.12;10.25;Bueno;34.17;Bueno;Bueno;Bueno
2026-01-08;31.75;24.42;Bueno;70.56;Bueno;5.50;11.00;Bueno;36.67;Bueno;Bueno;Bueno
2026-01-09;30.83;23.72;Bueno;68.52;Bueno;5.67;11.33;Bueno;37.78;Bueno;Bueno;Bueno
2026-01-10;19.33;14.87;Bueno;42.96;Bueno;3.00;6.00;Bueno;20.00;Bueno;Bueno;Bueno
2026-01-11;16.12;12.40;Bueno;35.83;Bueno;2.21;4.42;Bueno;14.72;Bueno;Bueno;Bueno
2026-01-12;23.22;17.86;Bueno;51.59;Bueno;3.00;6.00;Bueno;20.00;Bueno;Bueno;Bueno
2026-01-13;26.54;20.42;Bueno;58.98;Bueno;2.71;5.42;Bueno;18.06;Bueno;Bueno;Bueno
2026-01-14;29.58;22.76;Bueno;65.74;Bueno;5.09;10.17;Bueno;33.91;Bueno;Bueno;Bueno
2026-01-15;16.17;12.44;Bueno;35.93;Bueno;2.67;5.33;Bueno;17.78;Bueno;Bueno;Bueno
2026-01-16;25.50;19.62;Bueno;56.67;Bueno;3.42;6.83;Bueno;22.78;Bueno;Bueno;Bueno
2026-01-17;47.50;36.54;Bueno;104.09;Regular;12.38;24.75;Bueno;82.50;Bueno;Bueno;Regular
2026-01-18;47.96;36.89;Bueno;104.84;Regular;21.92;43.83;Bueno;114.97;Regular;Bueno;Regular
2026-01-19;94.21;72.47;Bueno;181.35;Regular;60.13;133.77;Regular;198.91;Regular;Regular;Regular
2026-01-20;112.12;86.25;Bueno;211.38;Alerta;64.04;146.81;Regular;207.61;Alerta;Regular;Alerta
2026-01-21;41.29;31.76;Bueno;91.76;Bueno;21.58;43.17;Bueno;114.25;Regular;Bueno;Regular
2026-01-22;41.88;32.21;Bueno;93.06;Bueno;6.50;13.00;Bueno;43.33;Bueno;Bueno;Bueno
2026-01-23;28.75;22.12;Bueno;63.89;Bueno;8.33;16.67;Bueno;55.56;Bueno;Bueno;Bueno
2026-01-24;26.58;20.45;Bueno;59.07;Bueno;5.50;11.00;Bueno;36.67;Bueno;Bueno;Bueno
2026-01-25;20.29;15.61;Bueno;45.09;Bueno;3.04;6.08;Bueno;20.28;Bueno;Bueno;Bueno
2026-01-26;34.29;26.38;Bueno;76.20;Bueno;5.38;10.75;Bueno;35.83;Bueno;Bueno;Bueno
2026-01-27;30.29;23.30;Bueno;67.31;Bueno;7.17;14.33;Bueno;47.78;Bueno;Bueno;Bueno
2026-01-28;36.83;28.33;Bueno;81.85;Bueno;3.25;6.50;Bueno;21.67;Bueno;Bueno;Bueno
2026-01-29;27.38;21.06;Bueno;60.83;Bueno;6.09;12.17;Bueno;40.58;Bueno;Bueno;Bueno
2026-01-30;16.00;12.31;Bueno;35.56;Bueno;4.17;8.33;Bueno;27.78;Bueno;Bueno;Bueno
2026-01-31;9.62;7.40;Bueno;21.39;Bueno;1.83;3.67;Bueno;12.22;Bueno;Bueno;Bueno
2026-02-01;9.42;7.24;Bueno;20.93;Bueno;3.38;6.75;Bueno;22.50;Bueno;Bueno;Bueno
2026-02-02;20.12;15.48;Bueno;44.72;Bueno;4.38;8.75;Bueno;29.17;Bueno;Bueno;Bueno
2026-02-03;9.96;7.66;Bueno;22.13;Bueno;1.62;3.25;Bueno;10.83;Bueno;Bueno;Bueno
2026-02-04;8.25;6.35;Bueno;18.33;Bueno;2.62;5.25;Bueno;17.50;Bueno;Bueno;Bueno
2026-02-05;11.83;9.10;Bueno;26.30;Bueno;2.67;5.33;Bueno;17.78;Bueno;Bueno;Bueno
2026-02-06;18.58;14.29;Bueno;41.30;Bueno;3.46;6.92;Bueno;23.06;Bueno;Bueno;Bueno
2026-02-07;17.21;13.24;Bueno;38.24;Bueno;2.79;5.58;Bueno;18.61;Bueno;Bueno;Bueno
2026-02-08;10.33;7.95;Bueno;22.96;Bueno;2.46;4.92;Bueno;16.39;Bueno;Bueno;Bueno
2026-02-09;13.58;10.45;Bueno;30.19;Bueno;1.96;3.92;Bueno;13.06;Bueno;Bueno;Bueno
2026-02-10;18.92;14.55;Bueno;42.04;Bueno;2.33;4.67;Bueno;15.56;Bueno;Bueno;Bueno
2026-02-11;10.21;7.85;Bueno;22.69;Bueno;2.70;5.39;Bueno;17.97;Bueno;Bueno;Bueno
2026-02-12;16.75;12.88;Bueno;37.22;Bueno;3.04;6.08;Bueno;20.28;Bueno;Bueno;Bueno
2026-02-13;17.38;13.37;Bueno;38.61;Bueno;1.75;3.50;Bueno;11.67;Bueno;Bueno;Bueno
2026-02-14;13.17;10.13;Bueno;29.26;Bueno;3.17;6.33;Bueno;21.11;Bueno;Bueno;Bueno
2026-02-15;12.21;9.39;Bueno;27.13;Bueno;2.25;4.50;Bueno;15.00;Bueno;Bueno;Bueno
2026-02-16;24.04;18.49;Bueno;53.43;Bueno;2.50;5.00;Bueno;16.67;Bueno;Bueno;Bueno
2026-02-17;12.75;9.81;Bueno;28.33;Bueno;2.22;4.43;Bueno;14.78;Bueno;Bueno;Bueno
2026-02-18;14.79;11.38;Bueno;32.87;Bueno;3.33;6.67;Bueno;22.22;Bueno;Bueno;Bueno
2026-02-19;21.86;16.82;Bueno;48.59;Bueno;3.55;7.09;Bueno;23.64;Bueno;Bueno;Bueno
2026-02-20;30.96;23.81;Bueno;68.80;Bueno;6.08;12.17;Bueno;40.56;Bueno;Bueno;Bueno
2026-02-21;30.67;23.59;Bueno;68.15;Bueno;11.29;22.58;Bueno;75.28;Bueno;Bueno;Bueno
2026-02-22;19.25;14.81;Bueno;42.78;Bueno;5.75;11.50;Bueno;38.33;Bueno;Bueno;Bueno
2026-02-23;16.83;12.95;Bueno;37.41;Bueno;3.25;6.50;Bueno;21.67;Bueno;Bueno;Bueno
2026-02-24;23.54;18.11;Bueno;52.31;Bueno;4.33;8.67;Bueno;28.89;Bueno;Bueno;Bueno
2026-02-25;38.92;29.94;Bueno;86.48;Bueno;7.62;15.25;Bueno;50.83;Bueno;Bueno;Bueno
2026-02-26;42.25;32.50;Bueno;93.89;Bueno;10.38;20.75;Bueno;69.17;Bueno;Bueno;Bueno
2026-02-27;32.58;25.06;Bueno;72.41;Bueno;6.83;13.67;Bueno;45.56;Bueno;Bueno;Bueno
2026-02-28;9.50;7.31;Bueno;21.11;Bueno;1.62;3.25;Bueno;10.83;Bueno;Bueno;Bueno
2026-03-01;7.21;5.54;Bueno;16.02;Bueno;1.70;3.39;Bueno;11.30;Bueno;Bueno;Bueno
2026-03-02;7.96;6.12;Bueno;17.69;Bueno;3.46;6.92;Bueno;23.06;Bueno;Bueno;Bueno
2026-03-03;12.96;9.97;Bueno;28.80;Bueno;2.67;5.33;Bueno;17.78;Bueno;Bueno;Bueno
2026-03-04;41.46;31.89;Bueno;92.13;Bueno;4.21;8.42;Bueno;28.06;Bueno;Bueno;Bueno
2026-03-05;25.38;19.52;Bueno;56.39;Bueno;4.71;9.42;Bueno;31.39;Bueno;Bueno;Bueno
2026-03-06;34.54;26.57;Bueno;76.76;Bueno;8.50;17.00;Bueno;56.67;Bueno;Bueno;Bueno
2026-03-07;28.67;22.05;Bueno;63.70;Bueno;6.29;12.58;Bueno;41.94;Bueno;Bueno;Bueno
2026-03-08;16.17;12.44;Bueno;35.93;Bueno;3.12;6.25;Bueno;20.83;Bueno;Bueno;Bueno
2026-03-09;24.08;18.53;Bueno;53.52;Bueno;4.61;9.22;Bueno;30.72;Bueno;Bueno;Bueno
2026-03-10;42.75;32.88;Bueno;95.00;Bueno;10.47;20.95;Bueno;69.82;Bueno;Bueno;Bueno
2026-03-11;48.79;37.53;Bueno;106.21;Regular;;;;;;Bueno;Regular
2026-03-12;31.38;24.13;Bueno;69.72;Bueno;11.17;22.33;Bueno;74.44;Bueno;Bueno;Bueno
2026-03-13;33.25;25.58;Bueno;73.89;Bueno;6.17;12.33;Bueno;41.11;Bueno;Bueno;Bueno
2026-03-14;22.46;17.28;Bueno;49.91;Bueno;5.54;11.08;Bueno;36.94;Bueno;Bueno;Bueno
2026-03-15;5.75;4.42;Bueno;12.78;Bueno;3.46;6.92;Bueno;23.06;Bueno;Bueno;Bueno
2026-03-16;9.54;7.34;Bueno;21.20;Bueno;2.21;4.42;Bueno;14.72;Bueno;Bueno;Bueno
2026-03-17;11.50;8.85;Bueno;25.56;Bueno;5.21;10.42;Bueno;34.72;Bueno;Bueno;Bueno
2026-03-18;22.45;17.27;Bueno;49.90;Bueno;6.09;12.17;Bueno;40.58;Bueno;Bueno;Bueno
2026-03-19;9.58;7.37;Bueno;21.30;Bueno;3.12;6.25;Bueno;20.83;Bueno;Bueno;Bueno
2026-03-20;14.46;11.12;Bueno;32.13;Bueno;4.42;8.83;Bueno;29.44;Bueno;Bueno;Bueno
2026-03-21;13.00;10.00;Bueno;28.89;Bueno;4.79;9.58;Bueno;31.94;Bueno;Bueno;Bueno
2026-03-22;8.62;6.63;Bueno;19.17;Bueno;3.88;7.75;Bueno;25.83;Bueno;Bueno;Bueno
2026-03-23;14.83;11.41;Bueno;32.96;Bueno;6.29;12.58;Bueno;41.94;Bueno;Bueno;Bueno
2026-03-24;30.62;23.56;Bueno;68.06;Bueno;16.04;32.08;Bueno;102.25;Regular;Bueno;Regular
2026-03-25;24.46;18.81;Bueno;54.35;Bueno;8.17;16.33;Bueno;54.44;Bueno;Bueno;Bueno
2026-03-26;32.79;25.22;Bueno;72.87;Bueno;17.46;34.92;Bueno;105.31;Regular;Bueno;Regular
2026-03-27;37.00;28.46;Bueno;82.22;Bueno;15.04;30.08;Bueno;100.09;Regular;Bueno;Regular
2026-03-28;65.33;50.26;Bueno;133.42;Regular;45.21;90.42;Bueno;165.88;Regular;Bueno;Regular
2026-03-29;30.67;23.59;Bueno;68.15;Bueno;16.58;33.17;Bueno;103.42;Regular;Bueno;Regular
2026-03-30;41.62;32.02;Bueno;92.50;Bueno;17.71;35.42;Bueno;105.85;Regular;Bueno;Regular
2026-03-31;17.12;13.17;Bueno;38.06;Bueno;5.50;11.00;Bueno;36.67;Bueno;Bueno;Bueno
2026-04-01;25.67;19.74;Bueno;57.04;Bueno;7.96;15.92;Bueno;53.06;Bueno;Bueno;Bueno
2026-04-02;28.42;21.86;Bueno;63.15;Bueno;9.83;19.67;Bueno;65.56;Bueno;Bueno;Bueno
2026-04-03;18.71;14.39;Bueno;41.57;Bueno;3.46;6.92;Bueno;23.06;Bueno;Bueno;Bueno
2026-04-04;22.58;17.37;Bueno;50.19;Bueno;8.04;16.08;Bueno;53.61;Bueno;Bueno;Bueno
2026-04-05;41.38;31.83;Bueno;91.94;Bueno;17.21;34.42;Bueno;104.77;Regular;Bueno;Regular
2026-04-06;23.50;18.08;Bueno;52.22;Bueno;10.22;20.44;Bueno;68.15;Bueno;Bueno;Bueno
2026-04-07;27.38;21.06;Bueno;60.83;Bueno;10.33;20.67;Bueno;68.89;Bueno;Bueno;Bueno
2026-04-08;33.38;25.67;Bueno;74.17;Bueno;15.38;30.75;Bueno;100.81;Regular;Bueno;Regular
2026-04-09;49.88;38.37;Bueno;107.99;Regular;22.00;44.00;Bueno;115.15;Regular;Bueno;Regular
2026-04-10;49.25;37.88;Bueno;106.96;Regular;21.75;43.50;Bueno;114.61;Regular;Bueno;Regular
2026-04-11;42.67;32.82;Bueno;94.81;Bueno;23.38;46.75;Bueno;118.14;Regular;Bueno;Regular
2026-04-12;34.04;26.19;Bueno;75.65;Bueno;18.54;37.08;Bueno;107.66;Regular;Bueno;Regular
2026-04-13;50.17;38.59;Bueno;108.46;Regular;20.33;40.67;Bueno;111.54;Regular;Bueno;Regular
2026-04-14;44.71;34.39;Bueno;99.35;Bueno;27.25;54.50;Bueno;126.56;Regular;Bueno;Regular
2026-04-15;43.25;33.27;Bueno;96.11;Bueno;19.88;39.75;Bueno;110.54;Regular;Bueno;Regular
2026-04-16;24.08;18.53;Bueno;53.52;Bueno;11.67;23.33;Bueno;77.78;Bueno;Bueno;Bueno
2026-04-17;14.25;10.96;Bueno;31.67;Bueno;6.79;13.58;Bueno;45.28;Bueno;Bueno;Bueno
2026-04-18;15.04;11.57;Bueno;33.43;Bueno;6.26;12.52;Bueno;41.74;Bueno;Bueno;Bueno
2026-04-19;20.38;15.67;Bueno;45.28;Bueno;9.00;18.00;Bueno;60.00;Bueno;Bueno;Bueno
2026-04-20;25.86;19.90;Bueno;57.47;Bueno;12.91;25.82;Bueno;86.06;Bueno;Bueno;Bueno
2026-04-21;29.96;23.04;Bueno;66.57;Bueno;16.54;33.08;Bueno;103.33;Regular;Bueno;Regular
2026-04-22;33.71;25.93;Bueno;74.91;Bueno;18.42;36.83;Bueno;107.39;Regular;Bueno;Regular
2026-04-23;25.08;19.29;Bueno;55.74;Bueno;11.96;23.92;Bueno;79.72;Bueno;Bueno;Bueno
2026-04-24;59.33;45.64;Bueno;123.53;Regular;35.38;70.75;Bueno;144.29;Regular;Bueno;Regular
2026-04-25;22.67;17.44;Bueno;50.37;Bueno;11.04;22.08;Bueno;73.61;Bueno;Bueno;Bueno
2026-04-26;28.67;22.05;Bueno;63.70;Bueno;14.29;28.58;Bueno;95.28;Bueno;Bueno;Bueno
2026-04-27;39.33;30.26;Bueno;87.41;Bueno;23.08;46.17;Bueno;117.50;Regular;Bueno;Regular
2026-04-28;23.29;17.92;Bueno;51.76;Bueno;14.08;28.17;Bueno;93.89;Bueno;Bueno;Bueno
2026-04-29;24.58;18.91;Bueno;54.63;Bueno;10.12;20.25;Bueno;67.50;Bueno;Bueno;Bueno
2026-04-30;38.78;29.83;Bueno;86.18;Bueno;23.61;47.22;Bueno;118.64;Regular;Bueno;Regular
2026-05-01;42.83;32.95;Bueno;95.19;Bueno;23.25;46.50;Bueno;117.86;Regular;Bueno;Regular
2026-05-02;35.25;27.12;Bueno;78.33;Bueno;24.88;49.75;Bueno;121.39;Regular;Bueno;Regular
2026-05-03;50.96;39.20;Bueno;109.76;Regular;31.67;63.33;Bueno;136.19;Regular;Bueno;Regular
2026-05-04;34.71;26.70;Bueno;77.13;Bueno;25.42;50.83;Bueno;122.57;Regular;Bueno;Regular
2026-05-05;24.64;18.95;Bueno;54.75;Bueno;19.27;38.55;Bueno;109.24;Regular;Bueno;Regular
2026-05-06;16.38;12.60;Bueno;36.39;Bueno;9.61;19.22;Bueno;64.06;Bueno;Bueno;Bueno
2026-05-07;23.79;18.30;Bueno;52.87;Bueno;11.04;22.08;Bueno;73.61;Bueno;Bueno;Bueno
2026-05-08;21.83;16.79;Bueno;48.52;Bueno;11.04;22.08;Bueno;73.61;Bueno;Bueno;Bueno
2026-05-09;24.62;18.94;Bueno;54.72;Bueno;13.33;26.67;Bueno;88.89;Bueno;Bueno;Bueno
2026-05-10;14.00;10.77;Bueno;31.11;Bueno;5.58;11.17;Bueno;37.22;Bueno;Bueno;Bueno
2026-05-11;20.79;15.99;Bueno;46.20;Bueno;7.46;14.92;Bueno;49.72;Bueno;Bueno;Bueno
2026-05-12;24.79;19.07;Bueno;55.09;Bueno;11.71;23.42;Bueno;78.06;Bueno;Bueno;Bueno
2026-05-13;26.10;20.07;Bueno;57.99;Bueno;11.24;22.48;Bueno;74.92;Bueno;Bueno;Bueno
2026-05-14;35.38;27.21;Bueno;78.61;Bueno;15.88;31.75;Bueno;101.89;Regular;Bueno;Regular
2026-05-15;28.79;22.15;Bueno;63.98;Bueno;9.65;19.30;Bueno;64.35;Bueno;Bueno;Bueno
2026-05-16;18.58;14.29;Bueno;41.30;Bueno;6.17;12.33;Bueno;41.11;Bueno;Bueno;Bueno
2026-05-17;29.33;22.56;Bueno;65.19;Bueno;18.88;37.75;Bueno;108.38;Regular;Bueno;Regular
2026-05-18;95.88;73.75;Bueno;184.14;Regular;43.79;87.58;Bueno;162.76;Regular;Bueno;Regular
2026-05-19;121.04;93.11;Bueno;226.41;Alerta;46.38;92.75;Bueno;168.45;Regular;Bueno;Alerta
2026-05-20;108.75;83.65;Bueno;205.71;Alerta;55.79;119.31;Regular;189.27;Regular;Regular;Alerta
2026-05-21;93.79;72.15;Bueno;180.66;Regular;42.79;85.58;Bueno;160.56;Regular;Bueno;Regular
2026-05-22;73.79;56.76;Bueno;147.40;Regular;44.12;88.25;Bueno;163.50;Regular;Bueno;Regular
2026-05-23;84.58;65.06;Bueno;165.31;Regular;48.71;97.42;Bueno;173.60;Regular;Bueno;Regular
2026-05-24;60.14;46.26;Bueno;124.85;Regular;38.23;76.45;Bueno;150.54;Regular;Bueno;Regular
2026-05-25;102.42;78.78;Bueno;195.08;Regular;54.92;116.39;Regular;187.33;Regular;Regular;Regular
2026-05-26;145.25;130.50;Regular;267.49;Alerta;66.62;155.42;Regular;213.38;Alerta;Regular;Alerta
2026-05-27;72.92;56.09;Bueno;145.95;Regular;33.08;66.17;Bueno;139.28;Regular;Bueno;Regular
2026-05-28;41.25;31.73;Bueno;91.67;Bueno;26.96;53.92;Bueno;125.93;Regular;Bueno;Regular
2026-05-29;60.62;46.63;Bueno;125.65;Regular;24.12;48.25;Bueno;119.77;Regular;Bueno;Regular
2026-05-30;31.42;24.17;Bueno;69.81;Bueno;22.04;44.08;Bueno;115.24;Regular;Bueno;Regular
2026-05-31;42.92;33.01;Bueno;95.37;Bueno;31.88;63.75;Bueno;136.64;Regular;Bueno;Regular
2026-06-01;36.38;27.98;Bueno;80.83;Bueno;24.62;49.25;Bueno;120.85;Regular;Bueno;Regular
2026-06-02;42.62;32.79;Bueno;94.72;Bueno;32.54;65.08;Bueno;138.10;Regular;Bueno;Regular
2026-06-03;34.46;26.51;Bueno;76.57;Bueno;23.54;47.08;Bueno;118.50;Regular;Bueno;Regular
2026-06-04;26.54;20.42;Bueno;58.98;Bueno;15.42;30.83;Bueno;100.90;Regular;Bueno;Regular
2026-06-05;52.67;40.51;Bueno;112.57;Regular;39.58;79.17;Bueno;153.52;Regular;Bueno;Regular
2026-06-06;47.50;36.54;Bueno;104.09;Regular;37.25;74.50;Bueno;148.40;Regular;Bueno;Regular
2026-06-07;39.08;30.06;Bueno;86.85;Bueno;28.17;56.33;Bueno;128.56;Regular;Bueno;Regular
2026-06-08;32.50;25.00;Bueno;72.22;Bueno;23.75;47.50;Bueno;118.95;Regular;Bueno;Regular
2026-06-09;27.67;21.28;Bueno;61.48;Bueno;21.25;42.50;Bueno;113.53;Regular;Bueno;Regular
2026-06-10;22.92;17.63;Bueno;50.93;Bueno;19.00;38.00;Bueno;108.65;Regular;Bueno;Regular
2026-06-11;58.21;44.78;Bueno;121.68;Regular;42.92;85.83;Bueno;160.84;Regular;Bueno;Regular
2026-06-12;18.00;13.85;Bueno;40.00;Bueno;12.25;24.50;Bueno;81.67;Bueno;Bueno;Bueno
2026-06-13;33.58;25.83;Bueno;74.63;Bueno;10.67;21.33;Bueno;71.11;Bueno;Bueno;Bueno
2026-06-14;24.75;19.04;Bueno;55.00;Bueno;11.46;22.92;Bueno;76.39;Bueno;Bueno;Bueno
2026-06-15;31.50;24.23;Bueno;70.00;Bueno;17.79;35.58;Bueno;106.03;Regular;Bueno;Regular
2026-06-16;53.79;41.38;Bueno;114.41;Regular;32.17;64.33;Bueno;137.28;Regular;Bueno;Regular
2026-06-17;50.05;38.50;Bueno;108.27;Regular;36.09;72.18;Bueno;145.86;Regular;Bueno;Regular
2026-06-18;54.13;41.64;Bueno;114.97;Regular;41.65;83.30;Bueno;158.06;Regular;Bueno;Regular
2026-06-19;45.58;35.06;Bueno;100.95;Regular;31.79;63.58;Bueno;136.46;Regular;Bueno;Regular
2026-06-20;17.25;13.27;Bueno;38.33;Bueno;11.00;22.00;Bueno;73.33;Bueno;Bueno;Bueno
2026-06-21;22.75;17.50;Bueno;50.56;Bueno;15.17;30.33;Bueno;100.36;Regular;Bueno;Regular
2026-06-22;42.71;32.85;Bueno;94.91;Bueno;31.04;62.08;Bueno;134.83;Regular;Bueno;Regular
2026-06-23;29.38;22.60;Bueno;65.28;Bueno;16.46;32.92;Bueno;103.15;Regular;Bueno;Regular
2026-06-24;28.75;22.12;Bueno;63.89;Bueno;19.67;39.33;Bueno;110.09;Regular;Bueno;Regular
2026-06-25;38.88;29.90;Bueno;86.39;Bueno;24.29;48.58;Bueno;120.13;Regular;Bueno;Regular
2026-06-26;34.79;26.76;Bueno;77.31;Bueno;23.17;46.33;Bueno;117.68;Regular;Bueno;Regular
2026-06-27;28.92;22.24;Bueno;64.26;Bueno;18.83;37.67;Bueno;108.29;Regular;Bueno;Regular
2026-06-28;22.54;17.34;Bueno;50.09;Bueno;16.17;32.33;Bueno;102.52;Regular;Bueno;Regular
2026-06-29;19.21;14.78;Bueno;42.69;Bueno;12.29;24.58;Bueno;81.94;Bueno;Bueno;Bueno
2026-06-30;25.83;19.87;Bueno;57.41;Bueno;14.46;28.92;Bueno;96.39;Bueno;Bueno;Bueno
2026-07-01;38.83;29.87;Bueno;86.30;Bueno;22.17;44.33;Bueno;115.51;Regular;Bueno;Regular
2026-07-02;65.88;50.67;Bueno;134.31;Regular;51.62;105.42;Regular;180.04;Regular;Regular;Regular
2026-07-03;123.73;95.17;Bueno;230.95;Alerta;91.68;238.94;Alerta;269.79;Alerta;Alerta;Alerta
2026-07-04;94.38;72.60;Bueno;181.63;Regular;78.54;195.14;Regular;240.09;Alerta;Regular;Alerta
2026-07-05;102.62;78.94;Bueno;195.43;Regular;81.96;206.53;Alerta;247.79;Alerta;Alerta;Alerta
2026-07-06;104.04;80.03;Bueno;197.81;Regular;81.61;205.36;Alerta;247.00;Alerta;Alerta;Alerta
2026-07-07;48.25;37.12;Bueno;105.32;Regular;37.42;74.83;Bueno;148.77;Regular;Bueno;Regular
2026-07-08;27.83;21.41;Bueno;61.85;Bueno;17.96;35.92;Bueno;106.40;Regular;Bueno;Regular
2026-07-09;31.62;24.33;Bueno;70.28;Bueno;24.79;49.58;Bueno;121.21;Regular;Bueno;Regular
2026-07-10;12.33;9.49;Bueno;27.41;Bueno;7.92;15.83;Bueno;52.78;Bueno;Bueno;Bueno
2026-07-11;23.42;18.01;Bueno;52.04;Bueno;16.38;32.75;Bueno;102.97;Regular;Bueno;Regular
2026-07-12;39.96;30.74;Bueno;88.80;Bueno;29.04;58.08;Bueno;130.46;Regular;Bueno;Regular
2026-07-13;28.68;22.06;Bueno;63.74;Bueno;24.27;48.55;Bueno;120.09;Regular;Bueno;Regular
2026-07-14;14.29;10.99;Bueno;31.76;Bueno;10.83;21.67;Bueno;72.22;Bueno;Bueno;Bueno
2026-07-15;5.21;4.01;Bueno;11.57;Bueno;3.04;6.08;Bueno;20.28;Bueno;Bueno;Bueno
2026-07-16;6.42;4.94;Bueno;14.26;Bueno;4.25;8.50;Bueno;28.33;Bueno;Bueno;Bueno
2026-07-17;12.33;9.49;Bueno;27.41;Bueno;8.00;16.00;Bueno;53.33;Bueno;Bueno;Bueno
2026-07-18;10.71;8.24;Bueno;23.80;Bueno;7.62;15.25;Bueno;50.83;Bueno;Bueno;Bueno
2026-07-19;11.29;8.69;Bueno;25.09;Bueno;8.08;16.17;Bueno;53.89;Bueno;Bueno;Bueno
2026-07-20;39.12;30.10;Bueno;86.94;Bueno;25.74;51.48;Bueno;123.27;Regular;Bueno;Regular
2026-07-21;21.00;16.15;Bueno;46.67;Bueno;9.75;19.50;Bueno;65.00;Bueno;Bueno;Bueno
2026-07-22;7.38;5.67;Bueno;16.39;Bueno;3.88;7.75;Bueno;25.83;Bueno;Bueno;Bueno
2026-07-23;10.71;8.24;Bueno;23.80;Bueno;6.67;13.33;Bueno;44.44;Bueno;Bueno;Bueno
2026-07-24;15.54;11.96;Bueno;34.54;Bueno;11.08;22.17;Bueno;73.89;Bueno;Bueno;Bueno
2026-07-25;10.04;7.72;Bueno;22.31;Bueno;4.65;9.30;Bueno;31.01;Bueno;Bueno;Bueno
2026-07-26;5.62;4.33;Bueno;12.50;Bueno;2.96;5.92;Bueno;19.72;Bueno;Bueno;Bueno
2026-07-27;8.50;6.54;Bueno;18.89;Bueno;3.71;7.42;Bueno;24.72;Bueno;Bueno;Bueno
2026-07-28;16.83;12.95;Bueno;37.41;Bueno;12.00;24.00;Bueno;80.00;Bueno;Bueno;Bueno
